{
  "spider":"https://raw.kkgithub.com/2hacc/TVBox/main/jar/tvbox.txt;md5;265301f463ec681dcbba91897f20f08b",
  "logo":"https://raw.kkgithub.com/2hacc/TVBox/main/logo.png",
  "wallpaper":"http://www.kf666888.cn/api/tvbox/img",
  "lives":[
    {"name":"IPV4","type":0,"url":"https://ghp.ci/raw.githubusercontent.com/MemoryCollection/IPTV/refs/heads/main/itvlist.m3u","playerType":1},
    {"name":"IPV6①","type":0,"url":"https://ghp.ci/https://raw.githubusercontent.com/fanmingming/live/refs/heads/main/tv/m3u/ipv6.m3u","playerType":1},
    {"name":"IPV6②","type":0,"url":"https://ghp.ci/https://raw.githubusercontent.com/wwb521/live/main/tv.m3u","playerType":1,"logo":"https://live.fanmingming.com/tv/{name}.png"},
    {"name":"平台直播","type":0,"url":"https://tv.iill.top/m3u/Live","ua":"okhttp/3.15","playerType":2}
  ],
  "sites":[
    {"key":"豆瓣","name":"豆瓣","type": 3,"api":"csp_DouDou","searchable": 0,"quickSearch": 0,"filterable": 0},
    {"key":"玩偶哥","name":"玩偶哥","type":3,"api":"csp_WoGG","searchable":1,"quickSearch":1,"changeable":0,"ext":{"Cloud-drive":"tvfan/Cloud-drive.txt","from":"4k|auto","siteUrl":"https://www.wogg.net/","danMu":"弹"}},
    {"key":"csp_NanGua","name":"南瓜","type":3,"api":"csp_NanGua","playerType":2,"searchable":1,"quickSearch":1,"changeable":1},
    {"key":"csp_Jpys","name":"文采","type":3,"api":"csp_Jpys","playerType":2,"searchable":1,"quickSearch":1,"changeable":1},
    {"key":"csp_NewCz","name":"厂长","type":3,"api":"csp_NewCz","playerType":2,"searchable":1,"quickSearch":1,"changeable":1,"ext":"https://www.czzyvideo.com/"},
    {"key":"csp_Nmyswv","name":"糯米","type":3,"api":"csp_Nmyswv","searchable":1,"quickSearch":1,"changeable":1},
    {"key":"csp_YCyz","name":"原创","type":3,"api":"csp_YCyz","timeout":15,"playerType":1,"searchable":1,"quickSearch":1,"changeable":1},
    {"key":"zxzj","name":"在线","type":3,"api":"csp_Zxzj","timeout":15,"searchable":1,"quickSearch":1,"changeable":1,"ext":"https://www.zxzjhd.com/"},
    {"key":"csp_Ddrk","name":"低端","type":3,"api":"csp_Ddrk","playerType":"2","searchable":1,"quickSearch":1,"changeable":1},
    {"key":"csp_Auete","name":"Auete","type":3,"api":"csp_Auete","timeout":15,"searchable":1,"quickSearch":1,"changeable":1,"ext":"https://auete.com/"},
    {"key":"csp_Libvio","name":"Libvio","type":3,"api":"csp_Libvio","searchable":1,"quickSearch":1,"changeable":1,"ext":{"Cloud-drive":"tvfan/Cloud-drive.txt","from":"4k|auto"}},
    {"key":"csp_AppSx","name":"木星","type":3,"api":"csp_AppSx","searchable":1,"quickSearch":1,"changeable":1,"ext":"FbjDcUxPqpfNr0QF4QvE6sExbctTGI9OTT9b/fj1hQEfFo3ZpT7IjxyVo6ytU3boJSbS02op2WA9SGNlCJpscUJASIjSk1eTbWgFj3BY0O58XL66c3hoMFG1cCcjgoux+ibEY4c2WZ85pgVQ9BW3RV1NZ7a2+xJHJdcafyUM"},
    {"key":"热播","name":"热播","type":3,"api":"csp_AppTT","playerType":2,"searchable":1,"quickSearch":1,"changeable":1,"ext":"AO7TcBkd8I/B5wQc4Qma+pU="},
    {"key":"萌米","name":"萌米","type":3,"api":"csp_AppTT","playerType":2,"searchable":1,"quickSearch":1,"changeable":1,"ext":"AO7TcBkd8Iifux0Y8Qze6tVlMg=="},
    {"key":"欢视","name":"欢视","type":3,"api":"csp_AppTT","playerType":2,"searchable":1,"quickSearch":1,"changeable":1,"ext":"AO7TcBkd8IPB+BwH4Qma+opv"},
    {"key":"csp_LiteApple","name":"小苹果","type":3,"api":"csp_LiteApple","searchable":1,"quickSearch":1,"changeable":1},
    {"key":"csp_Kekys","name":"可可","type":3,"api":"csp_Kekys","playerType":2,"searchable":1,"quickSearch":1,"changeable":1},
    {"key":"csp_Djtt","name":"短剧","type":3,"api":"csp_Djtt","searchable":1,"quickSearch":1,"changeable":1},
    {"key":"csp_Dm84","name":"动漫巴士","type":3,"api":"csp_Dm84","searchable":1,"quickSearch":1,"changeable":1},
    {"key":"csp_Anime1","name":"日本动漫","type":3,"api":"csp_Anime1","searchable":1,"quickSearch":1,"changeable":1},
    {"key":"csp_Ysj","name":"异界动漫","type":3,"api":"csp_Ysj","searchable":1,"quickSearch":1,"changeable":1},

    {"key":"926看球","name":"926","type":3,"api":"csp_kanqiu926","searchable":0,"changeable":0,"style":{"type":"list"}},
    {"key":"88js","name":"88","type":3,"api":"https://notabug.org/fantaiying/ext/raw/main/drpy2.min.js","ext":"https://raw.kkgithub.com/2hacc/TVBox/main/drpy/88看球.js","style":{"type":"list"},
    "searchable":0,"quickSearch":0,"changeable":0},
    {"key":"310js","name":"310","type":3,"api":"https://notabug.org/fantaiying/ext/raw/main/drpy2.min.js","ext":"https://raw.kkgithub.com/2hacc/TVBox/main/drpy/310直播.js","style":{"type":"list"},
    "searchable":0,"quickSearch":0,"changeable":0},
    {"key":"Jrsjs","name":"Jrs","type":3,"api":"https://notabug.org/fantaiying/ext/raw/main/drpy2.min.js","ext":"https://raw.kkgithub.com/2hacc/TVBox/main/drpy/jrk.js","style":{"type":"list"},
    "searchable":0,"quickSearch":0,"changeable":0},
    {"key":"酷奇","name":"酷奇","type":3,"api":"https://notabug.org/fantaiying/ext/raw/main/drpy2.min.js","ext":"https://raw.kkgithub.com/2hacc/TVBox/main/drpy/酷奇MV.js","style":{"type":"rect","ratio":1.597},
    "searchable":0,"quickSearch":0,"changeable":0},
    {"key":"MTV","name":"明星","type":3,"api":"csp_Bili","style":{"type":"rect","ratio":1.597},
    "searchable":0,"quickSearch":0,"changeable":0,"ext":{"json":"https://raw.kkgithub.com/2hacc/TVBox/main/json/MTV.json"}},
    {"key":"虎牙直播js","name":"虎牙","type":3,"api":"https://notabug.org/fantaiying/ext/raw/main/drpy2.js","ext":"https://raw.kkgithub.com/2hacc/TVBox/main/drpy/huya2.js","style":{"type":"rect","ratio":1.755},
    "playerType":"2","searchable":0,"quickSearch":0,"changeable":0},
    {"key":"斗鱼js","name":"斗鱼","type":3,"api":"https://notabug.org/fantaiying/ext/raw/main/drpy2.min.js","ext":"https://raw.kkgithub.com/2hacc/TVBox/main/drpy/斗鱼直播.js","style":{"type":"rect","ratio":1.755},
    "playerType":"2","searchable":0,"quickSearch":0,"changeable":0},

    {"key":"dr_兔小贝","name":"儿童","type":3,"api":"https://notabug.org/fantaiying/ext/raw/main/drpy2.min.js","ext":"https://raw.kkgithub.com/2hacc/TVBox/main/drpy/%E5%85%94%E5%B0%8F%E8%B4%9D.js","style":{"type":"rect","ratio":1.597},"searchable":0,"quickSearch":0,"changeable":0},
    {"key":"少儿教育","name":"少儿","type":3,"api":"csp_Bili","style":{"type":"rect","ratio":1.597},
    "searchable":0,"quickSearch":0,"changeable":0,"ext":{"json":"https://raw.kkgithub.com/2hacc/TVBox/main/json/少儿教育.json"}},
    {"key":"小学课堂","name":"小学","type":3,"api":"csp_Bili","style":{"type":"rect","ratio":1.597},
    "searchable":0,"quickSearch":0,"changeable":0,"ext":{"json":"https://raw.kkgithub.com/2hacc/TVBox/main/json/小学课堂.json"}},
    {"key":"初中课堂","name":"初中","type":3,"api":"csp_Bili","style":{"type":"rect","ratio":1.597},
    "searchable":0,"quickSearch":0,"changeable":0,"ext":{"json":"https://raw.kkgithub.com/2hacc/TVBox/main/json/初中课堂.json"}},
    {"key":"高中教育","name":"高中","type":3,"api":"csp_Bili","style":{"type":"rect","ratio":1.597},
    "searchable":0,"quickSearch":0,"changeable":0,"ext":{"json":"https://raw.kkgithub.com/2hacc/TVBox/main/json/高中课堂.json"}},

    {"key":"米搜","name":"米盘","type":3,"api":"csp_MIPanSo","searchable":1,"quickSearch":1,"changeable":0,"ext":{"Cloud-drive":"tvfan/Cloud-drive.txt","from":"4k|auto"}},
    {"key":"抠搜","name":"抠抠","type":3,"api":"csp_KkSs","searchable":1,"quickSearch":1,"changeable":0,"ext":{"Cloud-drive":"tvfan/Cloud-drive.txt","from":"4k|auto"}},
    {"key":"Sso","name":"盘他","type":3,"api":"csp_PanSso","searchable":1,"quickSearch":1,"changeable":0,"ext":{"Cloud-drive":"tvfan/Cloud-drive.txt","from":"4k|auto"}},
    {"key":"夸搜","name":"夸搜","type":3,"api":"csp_PanSearch","searchable":1,"quickSearch":1,"changeable":0,"ext":{"pan":"quark","Cloud-drive":"tvfan/Cloud-drive.txt","from":"4k|auto"}},
    {"key":"YiSo","name":"易搜","type":3,"api":"csp_YiSo","searchable":1,"quickSearch":1,"changeable":0,"ext":{"Cloud-drive":"tvfan/Cloud-drive.txt","from":"4k|auto"}},
    {"key":"PanSearch","name":"盘Se","type":3,"api":"csp_PanSearch","searchable":1,"quickSearch":1,"changeable":0,"ext":{"Cloud-drive":"tvfan/Cloud-drive.txt","from":"4k|auto"}},
    {"key":"push_agent","name":"手机推送","type":3,"api":"csp_Push","searchable":0,"quickSearch":0,"ext":{"Cloud-drive":"tvfan/Cloud-drive.txt","from":"4k|auto"}}
  ]
  
}